{
  "Component.js": 1751831665871,
  "controller/App.controller.js": 1751831665887,
  "model/formatter.js": 1751831665887,
  "controller/LandingPage.controller.js": 1751831665887,
  "model/models.js": 1751831665887,
  "manifest.json": 1751869699662,
  "i18n/i18n.properties": 1751831665887,
  "controller/App-dbg.controller.js": 1751831665887,
  "controller/App.controller.js.map": 1751874338169,
  "model/formatter-dbg.js": 1751831665887,
  "model/formatter.js.map": 1751874338173,
  "controller/LandingPage-dbg.controller.js": 1751831665887,
  "controller/LandingPage.controller.js.map": 1751874338213,
  "model/models-dbg.js": 1751831665887,
  "model/models.js.map": 1751874338187,
  "Component-dbg.js": 1751831665871,
  "Component.js.map": 1751874338171,
  "Component-preload.js": 1751874338313,
  "Component-preload.js.map": 1751874338313,
  "view/fragment/List.fragment.xml": 1751831665887,
  "view/fragment/InputForm.fragment.xml": 1751831665887,
  "view/fragment/Home.fragment.xml": 1751831665887,
  "view/fragment/Header.fragment.xml": 1751831665887,
  "view/fragment/Detail.fragment.xml": 1751831665887,
  "view/LandingPage.view.xml": 1751831665887,
  "view/App.view.xml": 1751831665887,
  "assets/welcome.gif": 1751831665887,
  "assets/logo.jpg": 1751831665871,
  "css/style.css": 1751831665887,
  "index.html": 1751831665887
}